imagen,gravedad
000bc4423c5e49589b668b8e93094d68.jpeg,grave
020a676b2dd842c8a663b60b28c63c2a.jpeg,leve
024dc6c7288041fbb83b9292b63ac0da.jpg,leve
041dcb98d66c432d9c9d68fac5556975.jpeg,grave
045fdae0003b4834927bce13655bf347.jpg,leve
0497126e15144bc795388968fab72125.jpg,leve
09155acd7b5e4a1da9de0751e477752b.jpeg,leve
09de2a58a50d47a1b5a372e8d1ed9ae5.jpeg,leve
0bfd059b-5552-4cf5-bd34-c7c026acc16e_anonymous.jpg,sin deteccion
0eb6dd10f7af432695f177ecd26dc3b8.jpg,leve
10_anonymous.jpeg,sin deteccion
11082e89acca4029acc23bfa2a5662c5.jpeg,leve
111a456554a147d49d7d47c0a44aaaf9.jpeg,grave
12c4977d35e9400d963b9d6df80297c3.jpeg,grave
1579e5b8112c4510bd6bc91a0b14575f.jpg,leve
15ab0e6e-7b37-4466-bffb-1587e52d1ee3_anonymous.jpeg,leve
16a396e507ad4835850db0a8d3df502e.jpg,leve
17346f4fe1c94147b917fe2b6fba35a5.jpg,mediano
17586ffb09274565a9e3e543c258de31.jpeg,grave
1992d3005ddc4cda8c130bfbaf7f4d71.jpeg,leve
1af10532ffcf490fb529ec76c60b4a79.jpeg,mediano
1b7e9eb034ba4fafb139420d805b3c62.jpeg,grave
1_anonymous.jpeg,grave
20048e52-294e-4b13-acba-6fd1537d3178_anonymous.jpeg,leve
212e8eb344374d3eb0c1b28156d6c7f3.jpg,leve
214814aebd77488e9ceee5266fe793e6.jpeg,grave
218e91a681d24e8abbc8b1e9f672a3c2.jpg,leve
2699994b7f554dfa86e7a0a269ddf349.jpg,leve
26cc0550cd6343a0987121635611ae85.jpg,leve
27388d69e01f49eca2bde70d7159b31a.jpeg,mediano
2811497f15044415b8409e22fa63043d.jpg,leve
282300f9-e8ae-4e52-96fb-b31c5076cd81_anonymous.jpg,grave
297e9151-5041-4a10-a1e2-14d12af9b555_anonymous 2.jpg,grave
297e9151-5041-4a10-a1e2-14d12af9b555_anonymous.jpg,grave
2a48fce5f15e46b49be81e0f4dd16ae1.jpg,leve
2c48d01b1fb5489e80ce41fd2793df1c.jpg,mediano
2dbe2022cc6140249304694988f8ae9d.jpeg,leve
2f04f04b82834e0b9da79df1d2de3222.jpeg,leve
2f762052-db02-467d-8a05-edc5416e1b94_anonymous.jpg,mediano
2fd7a65c6ec54944b28607550f14a416.jpg,mediano
2_anonymous.jpeg,grave
308cba80c60543f89d65d3bba0c54100.jpeg,grave
30b3d525a7104fcb80538213351b41aa.jpg,leve
34a71b5e19044521ad7e8ed98230ef07.jpeg,leve
34b9a95b79624fd08f070d2a5fed52bf.jpg,grave
35b3bd48ef7b461c8c50d2e567b905ae.jpeg,mediano
378f9b3ab0ac449ba6e6d91541a2a150.jpeg,mediano
3aca81d3222949c6acfaaffe7bc82d4a.jpeg,leve
3e3243a5e2614d19b11c09c9458fa8c2.jpg,leve
3ef7fe35bdd64eb1abd8d5cd21bc1fa8.jpeg,leve
3_anonymous.jpeg,sin deteccion
416034af218a4744ba96e77640194d55.jpg,grave
41f38383acb8453a9f1073c1a16a964c.jpeg,leve
4340fcfaa921415f84face9def4d240d.jpg,leve
4410e948e3434641861cba9e64c09daf.jpg,grave
45b0725a73044f5cbb1f712185ca009e.jpeg,leve
461d9efc013146b498bf77a072409a57.jpeg,mediano
467ab9c9f10c4b058e7d17ba145a8890.jpeg,leve
46ff1b252b8241dd9ecf6ebc19171131.jpg,grave
498d7499200440c2b8ee871da08d0de3.jpg,leve
4a15501084de42b2b8c97aa98fe5a7bf.jpeg,leve
4b4ae4cec28c4f7694893aa575a0c015.jpeg,grave
4b6f2e1c40e34351a920c91d5cd7854e.jpg,leve
4bae11b8a58c45a985334a672d26e72b.jpg,leve
4c10e9d646b1496f885d9559e7cf0640.jpeg,mediano
4def24a981ca446d8fc33e10f6065b7a.jpeg,mediano
4e8f83db9b0c43a48feb783f2fb65030.jpg,leve
4_anonymous.jpeg,sin deteccion
503bce24384d4fe1a11df87686b67ee7.jpeg,mediano
50bce00aaf89461dbbb7e1f9919768a3.jpeg,mediano
51809f5d872f4992804260e1442e188c.jpg,leve
55075ff7832f40f6be89674409d7f54d.jpeg,leve
5687dfdd30b34cb4a7140f86fcb3b445.jpeg,mediano
57fec4dd77d14b4f9bd9f27e39505a61.jpeg,leve
5806d4d13ac749ff976ad5d971706ff0.jpeg,mediano
5948901bd0484b1583a1e7f3315f2539.jpeg,grave
595de4a7e9a84b5091fc62f3e7e9510f.jpg,leve
599b462ed60b4010abe8fc95d7842e3b.jpg,leve
59de7f42961e4fa68918dba9098ba3bd.jpeg,leve
5cfaee4f00ac4362a79288454a684c22.jpg,leve
5d140090-2521-4249-bd4b-3700f358d609_anonymous.jpeg,leve
5d2a32bf60e840a1a075d48351fefc39.jpeg,grave
5e40ee0dfd284240b30d4e91ee616b87.jpeg,leve
5_anonymous.jpeg,leve
607663fbab2a4d51a7b24b5b76dd8646.jpg,leve
61e2f3aa-82a6-4228-b6f6-f1c99b25b0c1_anonymous.jpeg,leve
6327e50d-ec8e-4061-8c40-d5ef62ad59b4_anonymous.jpg,sin deteccion
664196b6a3e246a58d85dc9dc8f30a93.jpg,mediano
67fd3279392145f08d88f9a4e83abf21.jpeg,mediano
6ace3c706bd84732b4aa84cf715cab46.jpg,leve
6bdd9bb20aa1468087b25e689d9123b1.jpeg,grave
6df05012ddc04521b0fb6540d8345782.jpeg,grave
6f28d90dd0084c89a9002684aca0f7c5.jpeg,grave
6_anonymous.jpeg,grave
70e698ed-cdd0-4649-a64f-9a60ce0a8ed9_anonymous.jpg,grave
7137031ef87a4daf8f1cec10a94914db.jpg,mediano
76752027bf9b41548b35c4ee44730072.jpeg,leve
76f69344-edc2-478a-ba90-4885ffa2d82e_anonymous.jpeg,leve
77241e6c58a24daf8b58713722ea98df.jpg,leve
78f54e31779e46a3bd99605a1ebb4a09.jpeg,leve
7992c118ba914f14a4f2e73733f3da70.jpeg,mediano
79a936c38c4a4cfa9827202f3b073d77.jpg,leve
79b5ca3752da4a93999c85e6ac067467.jpg,mediano
7b299f6b6d644eaf9cf7bfac2265112e.jpeg,leve
7c98b060098f4382b787df320da64600.jpeg,grave
7dfef5719abe45ae80fb88158e0d4d20.jpeg,grave
7_anonymous.jpeg,grave
80c1ceef82704751b0526e2807cc2465.jpg,leve
81546b4779e64973bf576bc58041b1d3.jpg,leve
82fa888d901d4b3db675aef0a15830bc.jpeg,grave
85fcddb63ba447f4ae5e41df7b75573b.jpeg,leve
874805bcbb0e4293bb46797ae1ebf785.jpeg,leve
87f44ffa56954ea8b23c06c51d47f377.jpeg,leve
884f41e4cc0a4044a0c69f9aedc77835.jpg,mediano
8c427db87c8d4d07a649c8f0fe8543e2.jpeg,leve
8c99620cac654aae826fa22b2510a125.jpeg,grave
8dc3c61dccd84469b62e0a4cc43ddc41.jpg,leve
8_anonymous.jpeg,grave
915823ac9d0549759de54b92e9392589.jpeg,mediano
916aa224-30b1-4777-a97c-b3592c5fe869_anonymous.jpeg,leve
91d7be1fc175408a880660eb7d4d2098.jpeg,leve
9252c7f6bd064c199ebab70b4a60c038.jpeg,mediano
9280450dd85d433da5b9a8cf6e55101f.jpeg,leve
9323a914f4694b879a06f2f5f2355623.jpg,mediano
934cb1ad29304640841949576e2030fc.jpg,leve
93f82279893644f2abc1737b201b0a8d.jpg,mediano
94294707ed014a9f9435a848f0492c27.jpeg,mediano
9573a40d39c840a6b8a22ccfc581c46f.jpeg,leve
96f04d440eb14cf590fa929ac118d522.jpeg,leve
97e1aeb609a645d7b5e12d938b4ea9e2.jpeg,leve
98026dc40bfe42df9412eecf4ce486d5.jpeg,leve
984e5aebc5f84b1b94767454fddd46b6.jpeg,leve
985ecf8f4752458a96249352accbceec.jpeg,mediano
9915b1a2-7ea2-4b4e-8787-efff9f4dfad7_anonymous.jpg,grave
9c704d54ee49487697ed07e2c9ea7aa2.jpg,leve
9cb59bce7e474c5b9a7ee1e37507c4a0.jpg,leve
9db0fae6331e4d38ac1c41feaffeb413.jpeg,grave
9dc8b614485040a79f4f7ea027e5fcff.jpeg,leve
9ff8ae6fea4546cfa00a95030da25b9a.jpeg,mediano
9_anonymous.jpeg,sin deteccion
a035e75efe09478badaf481bb455530b.jpeg,leve
a05e826e30a5451b93c97d0c8807b15e.jpeg,sin deteccion
a249a95e742b4b2ba79dcf5a4c042056.jpeg,leve
a2bcdd9296404e8895e90d7570bbe553.jpg,leve
a4072bec623b4919bffeb4f740187160.jpg,grave
a7f58a501bda43c8a33b4903778a3c88.jpeg,leve
aa06606d876047e4809ebbd1cb2702d1.jpg,mediano
ab11bb49-04c8-495c-b6a2-bb6552cd6899_anonymous.jpg,mediano
abb2cd8e0d2d45a3b0516f241600e4c4.jpg,leve
abf3c8020be64da08eac3bf1df467360.jpg,leve
accda68540da44b69f59d4b2b4c8d837.jpeg,mediano
afb142f4bbad4ed0926f8bf6eb175e17.jpeg,leve
b08ae24ee0ef4f02b9e1875013d3a78d.jpg,leve
b0bb6bba36dd46549a212d60f962aae7.jpg,leve
b16d152972e0430891bf7b3d2fed88b2.jpeg,mediano
b1bd0ef8-462a-4e7c-95cc-0d687eeff5e9_anonymous.jpeg,leve
b567b512c3c1407ab7e07f10a3ce46fe.jpeg,leve
b77563bacf884180a25f591ecab517b4.jpeg,grave
b8840a577bee455b9644bcc518fd0db8.jpeg,leve
bcff9cb379b045589a0d782563955105.jpeg,mediano
bdf207d3483a4ee69a7a99cba50a30ff.jpeg,sin deteccion
c1666789f3e84bc793e162f10d1e15c8.jpg,leve
c2366e6c0d3848b287bcf928ef07608c.jpeg,leve
c262d74f2dfc4cc2b446af00fe8e0a77.jpeg,leve
c33736da66374fa9a26c532ff4e11bb0.jpg,leve
c3a3b6e602c0401681f5f7ad4ac5da6f.jpeg,mediano
c3baae1b85fc4a7ca7fbcc048c6fe224.jpg,leve
c42f9fa185bf40448d1c2e833f71f066.jpeg,grave
c4c752f4-6059-40ec-9441-cae83afa966c_anonymous.jpg,grave
c70b0dfae5844682810f7fe0a1904212.jpeg,leve
c88953486897485fb6996fb99ea7c088.jpeg,leve
c8f3c5a5-386f-4f8a-ad75-eef697982c89_anonymous 2.jpeg,leve
c8f3c5a5-386f-4f8a-ad75-eef697982c89_anonymous.jpeg,leve
c946813e-a677-4417-8369-fe2d96b60e17_anonymous.jpeg,leve
cf12ff9a8ed947f19e19d450cb041f44.jpeg,grave
d0a9dc8a0bd245ca847b1708e0af3a87.jpg,leve
d0c10e86a6d242c5a826af6f22efe2ed.jpeg,mediano
d4d3f8b8dbf34f8997326b71200bbe03.jpeg,leve
d62da32327044396894cb97897ddd25e.jpeg,mediano
d66208f053f14e2f95d9a1e2c46f3bd4.jpg,leve
d6a647acc4d74b0b9623c361457fbad3.jpeg,mediano
d77b52f6f3e142eabb1759ee671a6f98.jpg,leve
d79f672b8a1041a890924608c17724f0.jpg,leve
d8ada79c3a6342c69f5eeab4475a4e66.jpeg,grave
d9702074e98b49b9938aa2440cd73965.jpeg,leve
d981a62289174690a93479e9c8903703.jpeg,leve
d9c778c0a5184d199c6fa75e337b6316.jpg,leve
daa7091e966c432c82c8d4bf9c9b8990.jpeg,mediano
daf456d888e3401bb7bf4b68d9f2a7da.jpg,leve
dd1f202c438b437dbfc63f5b2e92bacd.jpg,grave
dfd543f431784222bb9238a72fd239f5.jpeg,mediano
e0a61408c2164736adc7ef84cbc047ce.jpeg,leve
e2609e2f04244302872fdc3a8d2dd6c4.jpeg,leve
e3e00027e5f540f7bbc8e9130c412b55.jpg,leve
e42c53d7298a49b385651e33b69a41df.jpeg,leve
e4d398d70b2d44c58e72c1eda9e7c222.jpeg,mediano
e50e8457a3494841a89b53067176c19f.jpeg,mediano
e5e4b74cde6f4b16a04e9e69caa916c7.jpeg,grave
e71c51fbda4f4d33b3f7a36f9ba0e4d5.jpeg,grave
e937ec95df7f489bbf54e7819f26deda.jpeg,mediano
ec37ffec8ac54790a89c042fae027c6f.jpg,leve
eea24edf49d5475c80c7d7eae144f563.jpeg,mediano
f0df934bb56c4b529705a065a80050bf.jpeg,mediano
f2f78f44fd6744b796967c03be05bc40.jpeg,leve
f5908bdfbc2e4a61823b4cb6d084d8d0.jpeg,mediano
f68de8d0637c4f23b3b0b25bb6e2d651.jpg,leve
f6bc89dd63a94fa69b29f8b0038e3636.jpg,leve
f6fd14e2f2624508b22abbda44a62b88.jpeg,leve
f8a987228f9445439dab7dce7334e57a.jpg,leve
f9c46c26a9a6422ea23d425ea5cec328.jpeg,leve
fa2960d368e148ffa343b91be5393915.jpeg,leve
fb3f60b8aee04ce990174c8f4678f9ce.jpg,mediano
fddd7c5732784030afc88c7ef6bc579c.jpg,leve
ff3b7bd92a0a425796309cfd6ddf618c.jpeg,mediano
hueco10_anonymous.jpeg,grave
hueco1_anonymous.jpg,grave
hueco2_anonymous.jpg,sin deteccion
hueco3_anonymous.jpg,grave
hueco4_anonymous.jpg,grave
hueco5_anonymous.jpg,grave
hueco6_anonymous.jpg,grave
hueco7_anonymous.jpg,grave
hueco8_anonymous.jpeg,grave
hueco9_anonymous.jpeg,mediano
IMG_8700_anonymous.JPG,leve
IMG_8701_anonymous.JPG,leve
IMG_8703_anonymous.JPG,leve
IMG_8704_anonymous.JPG,leve
IMG_8706_anonymous.JPG,leve
IMG_8707_anonymous.JPG,leve
IMG_8708_anonymous.JPG,leve
IMG_8709_anonymous.JPG,leve
IMG_8711_anonymous.JPG,leve
IMG_8712_anonymous.JPG,leve
jear1.jpg,leve
jear10.jpg,leve
jear2.jpg,leve
jear3.jpg,mediano
jear4.jpg,leve
jear5.jpg,leve
jear6.jpg,mediano
jear7.jpg,leve
jear8.jpg,leve
jear9.jpg,mediano
TC_00000_anonymous 1.jpeg,leve
TC_00000_anonymous 2.jpeg,leve
TC_00000_anonymous 3.jpeg,leve
TC_00000_anonymous 4.jpeg,leve
TC_00000_anonymous.jpeg,leve
TC_00001_anonymous 1 2.jpeg,leve
TC_00001_anonymous 1.jpeg,leve
TC_00001_anonymous 2 2.jpeg,leve
TC_00001_anonymous 2.jpeg,leve
TC_00001_anonymous 3.jpeg,leve
TC_00001_anonymous 4.jpeg,leve
TC_00001_anonymous.jpeg,leve
TC_00002_anonymous 1.jpeg,leve
TC_00003_anonymous.jpeg,leve
TC_00004_anonymous 2.jpeg,leve
TC_00004_anonymous.jpeg,leve
TC_00005_anonymous 2.jpeg,mediano
TC_00005_anonymous.jpeg,leve
TC_00006_anonymous 1.jpeg,mediano
TC_00007_anonymous 1.jpeg,mediano
TC_00007_anonymous.jpeg,leve
TC_00008_anonymous 1.jpeg,mediano
TC_00008_anonymous.jpeg,leve
TC_00009_anonymous 1.jpeg,leve
TC_00009_anonymous.jpeg,leve
TC_00010_anonymous 1.jpeg,leve
TC_00015_anonymous.jpeg,leve
TC_00017_anonymous.jpeg,leve
TC_00018_anonymous.jpeg,leve
TimePhoto_20260509_164752_anonymous.jpg,mediano
TimePhoto_20260509_175731_anonymous.jpg,leve
TimePhoto_20260510_123328_anonymous.jpg,leve
TimePhoto_20260510_123439_anonymous.jpg,mediano
TimePhoto_20260510_123821_anonymous.jpg,mediano
TimePhoto_20260510_124736_anonymous.jpg,mediano
TimePhoto_20260510_161404_anonymous.jpg,leve
TimePhoto_20260510_161620_anonymous.jpg,leve
WhatsApp Image 2026-05-10 at 20.06.38_anonymous.jpeg,leve
WhatsApp Image 2026-05-10 at 20.06.44_anonymous.jpeg,mediano
